product_id,product_name,product_manufacturer
1,Magic Wand,Mt.Panos
2,Magic Wand,Mt.Panos
3,Magic Wand,Mt.Panos
4,Magic Wand,Mt.Panos
5,Magic Rod,Mt.Panos
6,Magic Rod,Mt.Panos
7,Magic Rod,Mt.Panos
8,Magic Rod,Mt.Panos
9,Whistleblower,CrunchyBros
10,Whistleblower,CrunchyBros
11,Babylon Candle,Wellington Bay
12,Babylon Candle,Wellington Bay
13,Babylon Candle,Wellington Bay
14,Babylon Candle,Wellington Bay
15,Darkspawn Helmet,Orzammar Downtown
16,Darkspawn Helmet,Orzammar Downtown
17,Serenity Pendant,Orzammar Downtown
18,Serenity Pendant,Orzammar Downtown
19,Magic Rod,Mt.Panos
20,Mermaid Voice,CrunchyBros
21,Mermaid Voice,CrunchyBros
22,Mermaid Voice,CrunchyBros
23,Mermaid Voice,CrunchyBros
24,Mermaid Voice,CrunchyBros
25,Mermaid Voice,CrunchyBros
26,Mermaid Voice,CrunchyBros
27,Apple Tarte,CrunchyBros
28,Whistleblower,CrunchyBros
29,Whistleblower,CrunchyBros
30,Magic Wand,Mt.Panos
31,Babylon Candle,Wellington Bay
32,Whistleblower,CrunchyBros
33,Whistleblower,CrunchyBros
34,Magic Wand,Mt.Panos
35,Magic Wand,Mt.Panos
36,Magic Wand,Mt.Panos
37,Apple Tarte,CrunchyBros
38,Apple Tarte,CrunchyBros
39,Darkspawn Helmet,Orzammar Downtown
40,Babylon Candle,Wellington Bay
41,Babylon Candle,Wellington Bay
42,Babylon Candle,Wellington Bay
43,Babylon Candle,Wellington Bay
44,Tarot Cards,Orzammar Downtown
45,Tarot Cards,Orzammar Downtown
46,Tarot Cards,Orzammar Downtown
47,Tarot Cards,Orzammar Downtown
48,Magic Wand,Mt.Panos
49,Tarot Cards,Orzammar Downtown
50,Serenity Pendant,Orzammar Downtown
51,Serenity Pendant,Orzammar Downtown
52,Serenity Pendant,Orzammar Downtown
53,Apple Tarte,CrunchyBros
54,Whistleblower,CrunchyBros
55,Babylon Candle,Wellington Bay
56,Apple Tarte,CrunchyBros
57,Apple Tarte,CrunchyBros
58,Apple Tarte,CrunchyBros
59,Apple Tarte,CrunchyBros
60,Magic Wand,Mt.Panos
61,Magic Wand,Mt.Panos
62,Magic Wand,Mt.Panos
63,Babylon Candle,Wellington Bay
64,Darkspawn Helmet,Orzammar Downtown
65,Tarot Cards,Orzammar Downtown
66,Darkspawn Helmet,Orzammar Downtown
67,Darkspawn Helmet,Orzammar Downtown
68,Darkspawn Helmet,Orzammar Downtown
69,Whistleblower,CrunchyBros
70,Apple Tarte,CrunchyBros
71,Apple Tarte,CrunchyBros
72,Babylon Candle,Wellington Bay
73,Darkspawn Helmet,Orzammar Downtown
74,Apple Tarte,CrunchyBros
75,Apple Tarte,CrunchyBros
76,Darkspawn Helmet,Orzammar Downtown
77,Serenity Pendant,Orzammar Downtown
78,Darkspawn Helmet,Orzammar Downtown
79,Magic Wand,Mt.Panos
80,Whistleblower,CrunchyBros
81,Tarot Cards,Orzammar Downtown
82,Magic Wand,Mt.Panos
83,Magic Wand,Mt.Panos
84,Magic Wand,Mt.Panos
85,Magic Wand,Mt.Panos
86,Magic Wand,Mt.Panos
87,Babylon Candle,Wellington Bay
88,Tarot Cards,Orzammar Downtown
89,Babylon Candle,Wellington Bay
90,Serenity Pendant,Orzammar Downtown
91,Apple Tarte,CrunchyBros
92,Poison,Orzammar Downtown
93,Poison,Orzammar Downtown
94,Poison,Orzammar Downtown
95,Poison,Orzammar Downtown
96,Lighsaber,Wellington Bay
97,Lighsaber,Wellington Bay
98,Lighsaber,Wellington Bay
99,Lighsaber,Wellington Bay
100,Lighsaber,Wellington Bay
101,Amethyst Stone,CrunchyBros
102,Magic Wand,Mt.Panos
103,Babylon Candle,Wellington Bay
104,Magic Wand,Mt.Panos
105,Magic Wand,Mt.Panos
106,Poison,Orzammar Downtown
107,Babylon Candle,Wellington Bay
108,Amethyst Stone,CrunchyBros
109,Poison,Orzammar Downtown
110,Darkspawn Helmet,Orzammar Downtown
111,Lighsaber,Wellington Bay
112,Lighsaber,Wellington Bay
113,Lighsaber,Wellington Bay
114,Mistery Box,CrunchyBros
115,Mistery Box,CrunchyBros
116,Mistery Box,CrunchyBros
117,Mistery Box,CrunchyBros
118,Magic Wand,Mt.Panos
119,Darkspawn Helmet,Orzammar Downtown
120,Babylon Candle,Wellington Bay
121,Mistery Box,CrunchyBros
122,Mistery Box,CrunchyBros
123,Serenity Pendant,Orzammar Downtown
124,Mistery Box,CrunchyBros
125,Babylon Candle,Wellington Bay
126,Serenity Pendant,Orzammar Downtown
127,Lighsaber,Wellington Bay
128,Lighsaber,Wellington Bay
129,Lighsaber,Wellington Bay
130,Babylon Candle,Wellington Bay
131,Poison,Orzammar Downtown
132,Babylon Candle,Wellington Bay
133,Babylon Candle,Wellington Bay
134,Serenity Pendant,Orzammar Downtown
135,Babylon Candle,Wellington Bay
136,Magic Rod,Mt.Panos
137,Whistleblower,CrunchyBros
138,Babylon Candle,Wellington Bay
139,Babylon Candle,Wellington Bay
140,Magic Rod,Mt.Panos
141,Magic Rod,Mt.Panos
142,Babylon Candle,Wellington Bay
